{
  "compiler": ["C2", "GraalVM"],
  "nodes": [1],
  "cores": [2],
  "batch": [64],
  "lambda": [0.002778, 0.003333, 0.004167]
}
