compiler,mean_runtime,mean_cost
C2,147.43700857757503,0.007819406900889354
GraalVM,155.18077182164998,0.008060913554494429
