,compiler,nodes,cores,batch_size
0,9.477603674200083,-206.27329564060003,-242.8977556706,96.538649703
