,df,sum_sq,mean_sq,F,PR(>F)
C(compiler),1.0,360.6182547400085,360.6182547400085,2.718421085551181,0.13780728425494326
Residual,8.0,1061.257968183808,132.657246022976,,
