compiler,nodes,cores,batch_size,nodes,cores,batch_size,mean_waiting_time,mean_service_time
C2,1,2,64,1.0,2.0,64.0,4525.992512106895,1741.9205417235692
GraalVM,1,2,64,1.0,2.0,64.0,4108.44834784099,1684.7108579022545
